-- ============================================
-- Auto-Generated Seed Data for Campus Connect
-- 5 Teachers, 30 Students, 7 Subjects
-- ============================================

-- Admin
INSERT INTO users (username, password, role) VALUES ('admin', 'admin123', 'admin');

-- Teachers
INSERT INTO users (username, password, role) VALUES ('dr_sharma', 'prof123', 'teacher');
INSERT INTO users (username, password, role) VALUES ('prof_patel', 'prof123', 'teacher');
INSERT INTO users (username, password, role) VALUES ('dr_gupta', 'prof123', 'teacher');
INSERT INTO users (username, password, role) VALUES ('prof_singh', 'prof123', 'teacher');
INSERT INTO users (username, password, role) VALUES ('dr_reddy', 'prof123', 'teacher');
INSERT INTO teachers (user_id, name, department, phone) VALUES (2, 'Dr. A. Sharma', 'Computer Science', '9876543210');
INSERT INTO teachers (user_id, name, department, phone) VALUES (3, 'Prof. R. Patel', 'Information Tech', '9876543211');
INSERT INTO teachers (user_id, name, department, phone) VALUES (4, 'Dr. K. Gupta', 'Computer Science', '9876543212');
INSERT INTO teachers (user_id, name, department, phone) VALUES (5, 'Prof. S. Singh', 'Software Eng', '9876543213');
INSERT INTO teachers (user_id, name, department, phone) VALUES (6, 'Dr. M. Reddy', 'Computer Science', '9876543214');

-- Classes
INSERT INTO classes (name, grade, section, room_number, academic_year) VALUES ('B.Tech CSE', 'Sem 4', 'A', 'Lab 101', '2025-2026');
INSERT INTO classes (name, grade, section, room_number, academic_year) VALUES ('B.Tech CSE', 'Sem 4', 'B', 'Lab 102', '2025-2026');

-- Students
INSERT INTO users (username, password, role) VALUES ('aarav0', 'student123', 'student');
INSERT INTO students (user_id, name, class_id, roll_number, guardian_name, performance_status) VALUES (7, 'Aarav Sharma', 1, 101, 'Mr. Sharma', 'Average');
INSERT INTO users (username, password, role) VALUES ('vivaan1', 'student123', 'student');
INSERT INTO students (user_id, name, class_id, roll_number, guardian_name, performance_status) VALUES (8, 'Vivaan Patel', 1, 102, 'Mr. Patel', 'Average');
INSERT INTO users (username, password, role) VALUES ('aditya2', 'student123', 'student');
INSERT INTO students (user_id, name, class_id, roll_number, guardian_name, performance_status) VALUES (9, 'Aditya Kumar', 1, 103, 'Mr. Kumar', 'Average');
INSERT INTO users (username, password, role) VALUES ('vihaan3', 'student123', 'student');
INSERT INTO students (user_id, name, class_id, roll_number, guardian_name, performance_status) VALUES (10, 'Vihaan Singh', 1, 104, 'Mr. Singh', 'Good');
INSERT INTO users (username, password, role) VALUES ('arjun4', 'student123', 'student');
INSERT INTO students (user_id, name, class_id, roll_number, guardian_name, performance_status) VALUES (11, 'Arjun Reddy', 1, 105, 'Mr. Reddy', 'Good');
INSERT INTO users (username, password, role) VALUES ('sai5', 'student123', 'student');
INSERT INTO students (user_id, name, class_id, roll_number, guardian_name, performance_status) VALUES (12, 'Sai Gupta', 1, 106, 'Mr. Gupta', 'Good');
INSERT INTO users (username, password, role) VALUES ('reyansh6', 'student123', 'student');
INSERT INTO students (user_id, name, class_id, roll_number, guardian_name, performance_status) VALUES (13, 'Reyansh Das', 1, 107, 'Mr. Das', 'Excellent');
INSERT INTO users (username, password, role) VALUES ('ayaan7', 'student123', 'student');
INSERT INTO students (user_id, name, class_id, roll_number, guardian_name, performance_status) VALUES (14, 'Ayaan Bose', 1, 108, 'Mr. Bose', 'Average');
INSERT INTO users (username, password, role) VALUES ('krishna8', 'student123', 'student');
INSERT INTO students (user_id, name, class_id, roll_number, guardian_name, performance_status) VALUES (15, 'Krishna Verma', 1, 109, 'Mr. Verma', 'Average');
INSERT INTO users (username, password, role) VALUES ('ishaan9', 'student123', 'student');
INSERT INTO students (user_id, name, class_id, roll_number, guardian_name, performance_status) VALUES (16, 'Ishaan Nair', 1, 110, 'Mr. Nair', 'Good');
INSERT INTO users (username, password, role) VALUES ('shaurya10', 'student123', 'student');
INSERT INTO students (user_id, name, class_id, roll_number, guardian_name, performance_status) VALUES (17, 'Shaurya Mehta', 1, 111, 'Mr. Mehta', 'Good');
INSERT INTO users (username, password, role) VALUES ('atharva11', 'student123', 'student');
INSERT INTO students (user_id, name, class_id, roll_number, guardian_name, performance_status) VALUES (18, 'Atharva Chauhan', 1, 112, 'Mr. Chauhan', 'At Risk');
INSERT INTO users (username, password, role) VALUES ('kabir12', 'student123', 'student');
INSERT INTO students (user_id, name, class_id, roll_number, guardian_name, performance_status) VALUES (19, 'Kabir Joshi', 1, 113, 'Mr. Joshi', 'Excellent');
INSERT INTO users (username, password, role) VALUES ('ojas13', 'student123', 'student');
INSERT INTO students (user_id, name, class_id, roll_number, guardian_name, performance_status) VALUES (20, 'Ojas Yadav', 1, 114, 'Mr. Yadav', 'Excellent');
INSERT INTO users (username, password, role) VALUES ('rudra14', 'student123', 'student');
INSERT INTO students (user_id, name, class_id, roll_number, guardian_name, performance_status) VALUES (21, 'Rudra Rajput', 1, 115, 'Mr. Rajput', 'Good');
INSERT INTO users (username, password, role) VALUES ('ananya15', 'student123', 'student');
INSERT INTO students (user_id, name, class_id, roll_number, guardian_name, performance_status) VALUES (22, 'Ananya Sharma', 2, 201, 'Mr. Sharma', 'Average');
INSERT INTO users (username, password, role) VALUES ('diya16', 'student123', 'student');
INSERT INTO students (user_id, name, class_id, roll_number, guardian_name, performance_status) VALUES (23, 'Diya Patel', 2, 202, 'Mr. Patel', 'Good');
INSERT INTO users (username, password, role) VALUES ('suhana17', 'student123', 'student');
INSERT INTO students (user_id, name, class_id, roll_number, guardian_name, performance_status) VALUES (24, 'Suhana Kumar', 2, 203, 'Mr. Kumar', 'At Risk');
INSERT INTO users (username, password, role) VALUES ('myra18', 'student123', 'student');
INSERT INTO students (user_id, name, class_id, roll_number, guardian_name, performance_status) VALUES (25, 'Myra Singh', 2, 204, 'Mr. Singh', 'Excellent');
INSERT INTO users (username, password, role) VALUES ('saanvi19', 'student123', 'student');
INSERT INTO students (user_id, name, class_id, roll_number, guardian_name, performance_status) VALUES (26, 'Saanvi Reddy', 2, 205, 'Mr. Reddy', 'Excellent');
INSERT INTO users (username, password, role) VALUES ('aadhya20', 'student123', 'student');
INSERT INTO students (user_id, name, class_id, roll_number, guardian_name, performance_status) VALUES (27, 'Aadhya Gupta', 2, 206, 'Mr. Gupta', 'Good');
INSERT INTO users (username, password, role) VALUES ('kiara21', 'student123', 'student');
INSERT INTO students (user_id, name, class_id, roll_number, guardian_name, performance_status) VALUES (28, 'Kiara Das', 2, 207, 'Mr. Das', 'Excellent');
INSERT INTO users (username, password, role) VALUES ('navya22', 'student123', 'student');
INSERT INTO students (user_id, name, class_id, roll_number, guardian_name, performance_status) VALUES (29, 'Navya Bose', 2, 208, 'Mr. Bose', 'Excellent');
INSERT INTO users (username, password, role) VALUES ('zara23', 'student123', 'student');
INSERT INTO students (user_id, name, class_id, roll_number, guardian_name, performance_status) VALUES (30, 'Zara Verma', 2, 209, 'Mr. Verma', 'Excellent');
INSERT INTO users (username, password, role) VALUES ('kavya24', 'student123', 'student');
INSERT INTO students (user_id, name, class_id, roll_number, guardian_name, performance_status) VALUES (31, 'Kavya Nair', 2, 210, 'Mr. Nair', 'Excellent');
INSERT INTO users (username, password, role) VALUES ('pari25', 'student123', 'student');
INSERT INTO students (user_id, name, class_id, roll_number, guardian_name, performance_status) VALUES (32, 'Pari Mehta', 2, 211, 'Mr. Mehta', 'Good');
INSERT INTO users (username, password, role) VALUES ('anika26', 'student123', 'student');
INSERT INTO students (user_id, name, class_id, roll_number, guardian_name, performance_status) VALUES (33, 'Anika Chauhan', 2, 212, 'Mr. Chauhan', 'Good');
INSERT INTO users (username, password, role) VALUES ('ira27', 'student123', 'student');
INSERT INTO students (user_id, name, class_id, roll_number, guardian_name, performance_status) VALUES (34, 'Ira Joshi', 2, 213, 'Mr. Joshi', 'At Risk');
INSERT INTO users (username, password, role) VALUES ('sara28', 'student123', 'student');
INSERT INTO students (user_id, name, class_id, roll_number, guardian_name, performance_status) VALUES (35, 'Sara Yadav', 2, 214, 'Mr. Yadav', 'At Risk');
INSERT INTO users (username, password, role) VALUES ('riya29', 'student123', 'student');
INSERT INTO students (user_id, name, class_id, roll_number, guardian_name, performance_status) VALUES (36, 'Riya Rajput', 2, 215, 'Mr. Rajput', 'Good');

-- Subjects
INSERT INTO subjects (name, class_id, teacher_id) VALUES ('Data Structures', 1, 1);
INSERT INTO subjects (name, class_id, teacher_id) VALUES ('Operating Systems', 1, 2);
INSERT INTO subjects (name, class_id, teacher_id) VALUES ('DBMS', 1, 3);
INSERT INTO subjects (name, class_id, teacher_id) VALUES ('Computer Networks', 1, 4);
INSERT INTO subjects (name, class_id, teacher_id) VALUES ('Software Engineering', 1, 5);
INSERT INTO subjects (name, class_id, teacher_id) VALUES ('DSA Lab', 1, 1);
INSERT INTO subjects (name, class_id, teacher_id) VALUES ('OS Lab', 1, 2);
INSERT INTO subjects (name, class_id, teacher_id) VALUES ('Data Structures', 2, 1);
INSERT INTO subjects (name, class_id, teacher_id) VALUES ('Operating Systems', 2, 2);
INSERT INTO subjects (name, class_id, teacher_id) VALUES ('DBMS', 2, 3);
INSERT INTO subjects (name, class_id, teacher_id) VALUES ('Computer Networks', 2, 4);
INSERT INTO subjects (name, class_id, teacher_id) VALUES ('Software Engineering', 2, 5);
INSERT INTO subjects (name, class_id, teacher_id) VALUES ('DSA Lab', 2, 1);
INSERT INTO subjects (name, class_id, teacher_id) VALUES ('OS Lab', 2, 2);

-- Marks
INSERT INTO marks (student_id, subject_id, score, exam_type) VALUES (1, 1, 48, 'Mid-Sem');
INSERT INTO marks (student_id, subject_id, score, exam_type) VALUES (1, 1, 47, 'End-Sem');
INSERT INTO marks (student_id, subject_id, score, exam_type) VALUES (1, 2, 47, 'Mid-Sem');
INSERT INTO marks (student_id, subject_id, score, exam_type) VALUES (1, 2, 52, 'End-Sem');
INSERT INTO marks (student_id, subject_id, score, exam_type) VALUES (1, 3, 40, 'Mid-Sem');
INSERT INTO marks (student_id, subject_id, score, exam_type) VALUES (1, 3, 60, 'End-Sem');
INSERT INTO marks (student_id, subject_id, score, exam_type) VALUES (1, 4, 59, 'Mid-Sem');
INSERT INTO marks (student_id, subject_id, score, exam_type) VALUES (1, 4, 54, 'End-Sem');
INSERT INTO marks (student_id, subject_id, score, exam_type) VALUES (1, 5, 45, 'Mid-Sem');
INSERT INTO marks (student_id, subject_id, score, exam_type) VALUES (1, 5, 62, 'End-Sem');
INSERT INTO marks (student_id, subject_id, score, exam_type) VALUES (1, 6, 59, 'Mid-Sem');
INSERT INTO marks (student_id, subject_id, score, exam_type) VALUES (1, 6, 63, 'End-Sem');
INSERT INTO marks (student_id, subject_id, score, exam_type) VALUES (1, 7, 53, 'Mid-Sem');
INSERT INTO marks (student_id, subject_id, score, exam_type) VALUES (1, 7, 45, 'End-Sem');
INSERT INTO marks (student_id, subject_id, score, exam_type) VALUES (2, 1, 54, 'Mid-Sem');
INSERT INTO marks (student_id, subject_id, score, exam_type) VALUES (2, 1, 50, 'End-Sem');
INSERT INTO marks (student_id, subject_id, score, exam_type) VALUES (2, 2, 56, 'Mid-Sem');
INSERT INTO marks (student_id, subject_id, score, exam_type) VALUES (2, 2, 49, 'End-Sem');
INSERT INTO marks (student_id, subject_id, score, exam_type) VALUES (2, 3, 42, 'Mid-Sem');
INSERT INTO marks (student_id, subject_id, score, exam_type) VALUES (2, 3, 59, 'End-Sem');
INSERT INTO marks (student_id, subject_id, score, exam_type) VALUES (2, 4, 49, 'Mid-Sem');
INSERT INTO marks (student_id, subject_id, score, exam_type) VALUES (2, 4, 52, 'End-Sem');
INSERT INTO marks (student_id, subject_id, score, exam_type) VALUES (2, 5, 56, 'Mid-Sem');
INSERT INTO marks (student_id, subject_id, score, exam_type) VALUES (2, 5, 48, 'End-Sem');
INSERT INTO marks (student_id, subject_id, score, exam_type) VALUES (2, 6, 57, 'Mid-Sem');
INSERT INTO marks (student_id, subject_id, score, exam_type) VALUES (2, 6, 62, 'End-Sem');
INSERT INTO marks (student_id, subject_id, score, exam_type) VALUES (2, 7, 43, 'Mid-Sem');
INSERT INTO marks (student_id, subject_id, score, exam_type) VALUES (2, 7, 55, 'End-Sem');
INSERT INTO marks (student_id, subject_id, score, exam_type) VALUES (3, 1, 59, 'Mid-Sem');
INSERT INTO marks (student_id, subject_id, score, exam_type) VALUES (3, 1, 49, 'End-Sem');
INSERT INTO marks (student_id, subject_id, score, exam_type) VALUES (3, 2, 43, 'Mid-Sem');
INSERT INTO marks (student_id, subject_id, score, exam_type) VALUES (3, 2, 51, 'End-Sem');
INSERT INTO marks (student_id, subject_id, score, exam_type) VALUES (3, 3, 59, 'Mid-Sem');
INSERT INTO marks (student_id, subject_id, score, exam_type) VALUES (3, 3, 60, 'End-Sem');
INSERT INTO marks (student_id, subject_id, score, exam_type) VALUES (3, 4, 48, 'Mid-Sem');
INSERT INTO marks (student_id, subject_id, score, exam_type) VALUES (3, 4, 45, 'End-Sem');
INSERT INTO marks (student_id, subject_id, score, exam_type) VALUES (3, 5, 47, 'Mid-Sem');
INSERT INTO marks (student_id, subject_id, score, exam_type) VALUES (3, 5, 49, 'End-Sem');
INSERT INTO marks (student_id, subject_id, score, exam_type) VALUES (3, 6, 41, 'Mid-Sem');
INSERT INTO marks (student_id, subject_id, score, exam_type) VALUES (3, 6, 46, 'End-Sem');
INSERT INTO marks (student_id, subject_id, score, exam_type) VALUES (3, 7, 41, 'Mid-Sem');
INSERT INTO marks (student_id, subject_id, score, exam_type) VALUES (3, 7, 64, 'End-Sem');
INSERT INTO marks (student_id, subject_id, score, exam_type) VALUES (4, 1, 62, 'Mid-Sem');
INSERT INTO marks (student_id, subject_id, score, exam_type) VALUES (4, 1, 78, 'End-Sem');
INSERT INTO marks (student_id, subject_id, score, exam_type) VALUES (4, 2, 65, 'Mid-Sem');
INSERT INTO marks (student_id, subject_id, score, exam_type) VALUES (4, 2, 78, 'End-Sem');
INSERT INTO marks (student_id, subject_id, score, exam_type) VALUES (4, 3, 78, 'Mid-Sem');
INSERT INTO marks (student_id, subject_id, score, exam_type) VALUES (4, 3, 83, 'End-Sem');
INSERT INTO marks (student_id, subject_id, score, exam_type) VALUES (4, 4, 71, 'Mid-Sem');
INSERT INTO marks (student_id, subject_id, score, exam_type) VALUES (4, 4, 65, 'End-Sem');
INSERT INTO marks (student_id, subject_id, score, exam_type) VALUES (4, 5, 60, 'Mid-Sem');
INSERT INTO marks (student_id, subject_id, score, exam_type) VALUES (4, 5, 78, 'End-Sem');
INSERT INTO marks (student_id, subject_id, score, exam_type) VALUES (4, 6, 73, 'Mid-Sem');
INSERT INTO marks (student_id, subject_id, score, exam_type) VALUES (4, 6, 84, 'End-Sem');
INSERT INTO marks (student_id, subject_id, score, exam_type) VALUES (4, 7, 74, 'Mid-Sem');
INSERT INTO marks (student_id, subject_id, score, exam_type) VALUES (4, 7, 67, 'End-Sem');
INSERT INTO marks (student_id, subject_id, score, exam_type) VALUES (5, 1, 62, 'Mid-Sem');
INSERT INTO marks (student_id, subject_id, score, exam_type) VALUES (5, 1, 80, 'End-Sem');
INSERT INTO marks (student_id, subject_id, score, exam_type) VALUES (5, 2, 62, 'Mid-Sem');
INSERT INTO marks (student_id, subject_id, score, exam_type) VALUES (5, 2, 71, 'End-Sem');
INSERT INTO marks (student_id, subject_id, score, exam_type) VALUES (5, 3, 61, 'Mid-Sem');
INSERT INTO marks (student_id, subject_id, score, exam_type) VALUES (5, 3, 80, 'End-Sem');
INSERT INTO marks (student_id, subject_id, score, exam_type) VALUES (5, 4, 74, 'Mid-Sem');
INSERT INTO marks (student_id, subject_id, score, exam_type) VALUES (5, 4, 67, 'End-Sem');
INSERT INTO marks (student_id, subject_id, score, exam_type) VALUES (5, 5, 68, 'Mid-Sem');
INSERT INTO marks (student_id, subject_id, score, exam_type) VALUES (5, 5, 78, 'End-Sem');
INSERT INTO marks (student_id, subject_id, score, exam_type) VALUES (5, 6, 64, 'Mid-Sem');
INSERT INTO marks (student_id, subject_id, score, exam_type) VALUES (5, 6, 67, 'End-Sem');
INSERT INTO marks (student_id, subject_id, score, exam_type) VALUES (5, 7, 65, 'Mid-Sem');
INSERT INTO marks (student_id, subject_id, score, exam_type) VALUES (5, 7, 70, 'End-Sem');
INSERT INTO marks (student_id, subject_id, score, exam_type) VALUES (6, 1, 69, 'Mid-Sem');
INSERT INTO marks (student_id, subject_id, score, exam_type) VALUES (6, 1, 70, 'End-Sem');
INSERT INTO marks (student_id, subject_id, score, exam_type) VALUES (6, 2, 61, 'Mid-Sem');
INSERT INTO marks (student_id, subject_id, score, exam_type) VALUES (6, 2, 79, 'End-Sem');
INSERT INTO marks (student_id, subject_id, score, exam_type) VALUES (6, 3, 76, 'Mid-Sem');
INSERT INTO marks (student_id, subject_id, score, exam_type) VALUES (6, 3, 66, 'End-Sem');
INSERT INTO marks (student_id, subject_id, score, exam_type) VALUES (6, 4, 77, 'Mid-Sem');
INSERT INTO marks (student_id, subject_id, score, exam_type) VALUES (6, 4, 82, 'End-Sem');
INSERT INTO marks (student_id, subject_id, score, exam_type) VALUES (6, 5, 71, 'Mid-Sem');
INSERT INTO marks (student_id, subject_id, score, exam_type) VALUES (6, 5, 72, 'End-Sem');
INSERT INTO marks (student_id, subject_id, score, exam_type) VALUES (6, 6, 72, 'Mid-Sem');
INSERT INTO marks (student_id, subject_id, score, exam_type) VALUES (6, 6, 68, 'End-Sem');
INSERT INTO marks (student_id, subject_id, score, exam_type) VALUES (6, 7, 75, 'Mid-Sem');
INSERT INTO marks (student_id, subject_id, score, exam_type) VALUES (6, 7, 78, 'End-Sem');
INSERT INTO marks (student_id, subject_id, score, exam_type) VALUES (7, 1, 87, 'Mid-Sem');
INSERT INTO marks (student_id, subject_id, score, exam_type) VALUES (7, 1, 94, 'End-Sem');
INSERT INTO marks (student_id, subject_id, score, exam_type) VALUES (7, 2, 92, 'Mid-Sem');
INSERT INTO marks (student_id, subject_id, score, exam_type) VALUES (7, 2, 85, 'End-Sem');
INSERT INTO marks (student_id, subject_id, score, exam_type) VALUES (7, 3, 76, 'Mid-Sem');
INSERT INTO marks (student_id, subject_id, score, exam_type) VALUES (7, 3, 86, 'End-Sem');
INSERT INTO marks (student_id, subject_id, score, exam_type) VALUES (7, 4, 94, 'Mid-Sem');
INSERT INTO marks (student_id, subject_id, score, exam_type) VALUES (7, 4, 96, 'End-Sem');
INSERT INTO marks (student_id, subject_id, score, exam_type) VALUES (7, 5, 78, 'Mid-Sem');
INSERT INTO marks (student_id, subject_id, score, exam_type) VALUES (7, 5, 98, 'End-Sem');
INSERT INTO marks (student_id, subject_id, score, exam_type) VALUES (7, 6, 90, 'Mid-Sem');
INSERT INTO marks (student_id, subject_id, score, exam_type) VALUES (7, 6, 95, 'End-Sem');
INSERT INTO marks (student_id, subject_id, score, exam_type) VALUES (7, 7, 85, 'Mid-Sem');
INSERT INTO marks (student_id, subject_id, score, exam_type) VALUES (7, 7, 82, 'End-Sem');
INSERT INTO marks (student_id, subject_id, score, exam_type) VALUES (8, 1, 47, 'Mid-Sem');
INSERT INTO marks (student_id, subject_id, score, exam_type) VALUES (8, 1, 51, 'End-Sem');
INSERT INTO marks (student_id, subject_id, score, exam_type) VALUES (8, 2, 49, 'Mid-Sem');
INSERT INTO marks (student_id, subject_id, score, exam_type) VALUES (8, 2, 64, 'End-Sem');
INSERT INTO marks (student_id, subject_id, score, exam_type) VALUES (8, 3, 40, 'Mid-Sem');
INSERT INTO marks (student_id, subject_id, score, exam_type) VALUES (8, 3, 45, 'End-Sem');
INSERT INTO marks (student_id, subject_id, score, exam_type) VALUES (8, 4, 46, 'Mid-Sem');
INSERT INTO marks (student_id, subject_id, score, exam_type) VALUES (8, 4, 55, 'End-Sem');
INSERT INTO marks (student_id, subject_id, score, exam_type) VALUES (8, 5, 54, 'Mid-Sem');
INSERT INTO marks (student_id, subject_id, score, exam_type) VALUES (8, 5, 51, 'End-Sem');
INSERT INTO marks (student_id, subject_id, score, exam_type) VALUES (8, 6, 56, 'Mid-Sem');
INSERT INTO marks (student_id, subject_id, score, exam_type) VALUES (8, 6, 55, 'End-Sem');
INSERT INTO marks (student_id, subject_id, score, exam_type) VALUES (8, 7, 41, 'Mid-Sem');
INSERT INTO marks (student_id, subject_id, score, exam_type) VALUES (8, 7, 51, 'End-Sem');
INSERT INTO marks (student_id, subject_id, score, exam_type) VALUES (9, 1, 46, 'Mid-Sem');
INSERT INTO marks (student_id, subject_id, score, exam_type) VALUES (9, 1, 64, 'End-Sem');
INSERT INTO marks (student_id, subject_id, score, exam_type) VALUES (9, 2, 42, 'Mid-Sem');
INSERT INTO marks (student_id, subject_id, score, exam_type) VALUES (9, 2, 53, 'End-Sem');
INSERT INTO marks (student_id, subject_id, score, exam_type) VALUES (9, 3, 40, 'Mid-Sem');
INSERT INTO marks (student_id, subject_id, score, exam_type) VALUES (9, 3, 48, 'End-Sem');
INSERT INTO marks (student_id, subject_id, score, exam_type) VALUES (9, 4, 56, 'Mid-Sem');
INSERT INTO marks (student_id, subject_id, score, exam_type) VALUES (9, 4, 51, 'End-Sem');
INSERT INTO marks (student_id, subject_id, score, exam_type) VALUES (9, 5, 41, 'Mid-Sem');
INSERT INTO marks (student_id, subject_id, score, exam_type) VALUES (9, 5, 46, 'End-Sem');
INSERT INTO marks (student_id, subject_id, score, exam_type) VALUES (9, 6, 43, 'Mid-Sem');
INSERT INTO marks (student_id, subject_id, score, exam_type) VALUES (9, 6, 46, 'End-Sem');
INSERT INTO marks (student_id, subject_id, score, exam_type) VALUES (9, 7, 50, 'Mid-Sem');
INSERT INTO marks (student_id, subject_id, score, exam_type) VALUES (9, 7, 48, 'End-Sem');
INSERT INTO marks (student_id, subject_id, score, exam_type) VALUES (10, 1, 68, 'Mid-Sem');
INSERT INTO marks (student_id, subject_id, score, exam_type) VALUES (10, 1, 76, 'End-Sem');
INSERT INTO marks (student_id, subject_id, score, exam_type) VALUES (10, 2, 76, 'Mid-Sem');
INSERT INTO marks (student_id, subject_id, score, exam_type) VALUES (10, 2, 84, 'End-Sem');
INSERT INTO marks (student_id, subject_id, score, exam_type) VALUES (10, 3, 63, 'Mid-Sem');
INSERT INTO marks (student_id, subject_id, score, exam_type) VALUES (10, 3, 66, 'End-Sem');
INSERT INTO marks (student_id, subject_id, score, exam_type) VALUES (10, 4, 70, 'Mid-Sem');
INSERT INTO marks (student_id, subject_id, score, exam_type) VALUES (10, 4, 83, 'End-Sem');
INSERT INTO marks (student_id, subject_id, score, exam_type) VALUES (10, 5, 76, 'Mid-Sem');
INSERT INTO marks (student_id, subject_id, score, exam_type) VALUES (10, 5, 70, 'End-Sem');
INSERT INTO marks (student_id, subject_id, score, exam_type) VALUES (10, 6, 61, 'Mid-Sem');
INSERT INTO marks (student_id, subject_id, score, exam_type) VALUES (10, 6, 72, 'End-Sem');
INSERT INTO marks (student_id, subject_id, score, exam_type) VALUES (10, 7, 72, 'Mid-Sem');
INSERT INTO marks (student_id, subject_id, score, exam_type) VALUES (10, 7, 66, 'End-Sem');
INSERT INTO marks (student_id, subject_id, score, exam_type) VALUES (11, 1, 78, 'Mid-Sem');
INSERT INTO marks (student_id, subject_id, score, exam_type) VALUES (11, 1, 76, 'End-Sem');
INSERT INTO marks (student_id, subject_id, score, exam_type) VALUES (11, 2, 69, 'Mid-Sem');
INSERT INTO marks (student_id, subject_id, score, exam_type) VALUES (11, 2, 73, 'End-Sem');
INSERT INTO marks (student_id, subject_id, score, exam_type) VALUES (11, 3, 67, 'Mid-Sem');
INSERT INTO marks (student_id, subject_id, score, exam_type) VALUES (11, 3, 73, 'End-Sem');
INSERT INTO marks (student_id, subject_id, score, exam_type) VALUES (11, 4, 72, 'Mid-Sem');
INSERT INTO marks (student_id, subject_id, score, exam_type) VALUES (11, 4, 71, 'End-Sem');
INSERT INTO marks (student_id, subject_id, score, exam_type) VALUES (11, 5, 69, 'Mid-Sem');
INSERT INTO marks (student_id, subject_id, score, exam_type) VALUES (11, 5, 83, 'End-Sem');
INSERT INTO marks (student_id, subject_id, score, exam_type) VALUES (11, 6, 75, 'Mid-Sem');
INSERT INTO marks (student_id, subject_id, score, exam_type) VALUES (11, 6, 66, 'End-Sem');
INSERT INTO marks (student_id, subject_id, score, exam_type) VALUES (11, 7, 78, 'Mid-Sem');
INSERT INTO marks (student_id, subject_id, score, exam_type) VALUES (11, 7, 82, 'End-Sem');
INSERT INTO marks (student_id, subject_id, score, exam_type) VALUES (12, 1, 42, 'Mid-Sem');
INSERT INTO marks (student_id, subject_id, score, exam_type) VALUES (12, 1, 36, 'End-Sem');
INSERT INTO marks (student_id, subject_id, score, exam_type) VALUES (12, 2, 40, 'Mid-Sem');
INSERT INTO marks (student_id, subject_id, score, exam_type) VALUES (12, 2, 49, 'End-Sem');
INSERT INTO marks (student_id, subject_id, score, exam_type) VALUES (12, 3, 42, 'Mid-Sem');
INSERT INTO marks (student_id, subject_id, score, exam_type) VALUES (12, 3, 44, 'End-Sem');
INSERT INTO marks (student_id, subject_id, score, exam_type) VALUES (12, 4, 44, 'Mid-Sem');
INSERT INTO marks (student_id, subject_id, score, exam_type) VALUES (12, 4, 41, 'End-Sem');
INSERT INTO marks (student_id, subject_id, score, exam_type) VALUES (12, 5, 44, 'Mid-Sem');
INSERT INTO marks (student_id, subject_id, score, exam_type) VALUES (12, 5, 41, 'End-Sem');
INSERT INTO marks (student_id, subject_id, score, exam_type) VALUES (12, 6, 27, 'Mid-Sem');
INSERT INTO marks (student_id, subject_id, score, exam_type) VALUES (12, 6, 36, 'End-Sem');
INSERT INTO marks (student_id, subject_id, score, exam_type) VALUES (12, 7, 40, 'Mid-Sem');
INSERT INTO marks (student_id, subject_id, score, exam_type) VALUES (12, 7, 31, 'End-Sem');
INSERT INTO marks (student_id, subject_id, score, exam_type) VALUES (13, 1, 89, 'Mid-Sem');
INSERT INTO marks (student_id, subject_id, score, exam_type) VALUES (13, 1, 85, 'End-Sem');
INSERT INTO marks (student_id, subject_id, score, exam_type) VALUES (13, 2, 78, 'Mid-Sem');
INSERT INTO marks (student_id, subject_id, score, exam_type) VALUES (13, 2, 99, 'End-Sem');
INSERT INTO marks (student_id, subject_id, score, exam_type) VALUES (13, 3, 79, 'Mid-Sem');
INSERT INTO marks (student_id, subject_id, score, exam_type) VALUES (13, 3, 98, 'End-Sem');
INSERT INTO marks (student_id, subject_id, score, exam_type) VALUES (13, 4, 81, 'Mid-Sem');
INSERT INTO marks (student_id, subject_id, score, exam_type) VALUES (13, 4, 99, 'End-Sem');
INSERT INTO marks (student_id, subject_id, score, exam_type) VALUES (13, 5, 87, 'Mid-Sem');
INSERT INTO marks (student_id, subject_id, score, exam_type) VALUES (13, 5, 80, 'End-Sem');
INSERT INTO marks (student_id, subject_id, score, exam_type) VALUES (13, 6, 93, 'Mid-Sem');
INSERT INTO marks (student_id, subject_id, score, exam_type) VALUES (13, 6, 83, 'End-Sem');
INSERT INTO marks (student_id, subject_id, score, exam_type) VALUES (13, 7, 94, 'Mid-Sem');
INSERT INTO marks (student_id, subject_id, score, exam_type) VALUES (13, 7, 91, 'End-Sem');
INSERT INTO marks (student_id, subject_id, score, exam_type) VALUES (14, 1, 76, 'Mid-Sem');
INSERT INTO marks (student_id, subject_id, score, exam_type) VALUES (14, 1, 90, 'End-Sem');
INSERT INTO marks (student_id, subject_id, score, exam_type) VALUES (14, 2, 85, 'Mid-Sem');
INSERT INTO marks (student_id, subject_id, score, exam_type) VALUES (14, 2, 96, 'End-Sem');
INSERT INTO marks (student_id, subject_id, score, exam_type) VALUES (14, 3, 76, 'Mid-Sem');
INSERT INTO marks (student_id, subject_id, score, exam_type) VALUES (14, 3, 90, 'End-Sem');
INSERT INTO marks (student_id, subject_id, score, exam_type) VALUES (14, 4, 83, 'Mid-Sem');
INSERT INTO marks (student_id, subject_id, score, exam_type) VALUES (14, 4, 96, 'End-Sem');
INSERT INTO marks (student_id, subject_id, score, exam_type) VALUES (14, 5, 93, 'Mid-Sem');
INSERT INTO marks (student_id, subject_id, score, exam_type) VALUES (14, 5, 92, 'End-Sem');
INSERT INTO marks (student_id, subject_id, score, exam_type) VALUES (14, 6, 83, 'Mid-Sem');
INSERT INTO marks (student_id, subject_id, score, exam_type) VALUES (14, 6, 81, 'End-Sem');
INSERT INTO marks (student_id, subject_id, score, exam_type) VALUES (14, 7, 83, 'Mid-Sem');
INSERT INTO marks (student_id, subject_id, score, exam_type) VALUES (14, 7, 86, 'End-Sem');
INSERT INTO marks (student_id, subject_id, score, exam_type) VALUES (15, 1, 63, 'Mid-Sem');
INSERT INTO marks (student_id, subject_id, score, exam_type) VALUES (15, 1, 74, 'End-Sem');
INSERT INTO marks (student_id, subject_id, score, exam_type) VALUES (15, 2, 61, 'Mid-Sem');
INSERT INTO marks (student_id, subject_id, score, exam_type) VALUES (15, 2, 84, 'End-Sem');
INSERT INTO marks (student_id, subject_id, score, exam_type) VALUES (15, 3, 77, 'Mid-Sem');
INSERT INTO marks (student_id, subject_id, score, exam_type) VALUES (15, 3, 74, 'End-Sem');
INSERT INTO marks (student_id, subject_id, score, exam_type) VALUES (15, 4, 78, 'Mid-Sem');
INSERT INTO marks (student_id, subject_id, score, exam_type) VALUES (15, 4, 73, 'End-Sem');
INSERT INTO marks (student_id, subject_id, score, exam_type) VALUES (15, 5, 61, 'Mid-Sem');
INSERT INTO marks (student_id, subject_id, score, exam_type) VALUES (15, 5, 80, 'End-Sem');
INSERT INTO marks (student_id, subject_id, score, exam_type) VALUES (15, 6, 60, 'Mid-Sem');
INSERT INTO marks (student_id, subject_id, score, exam_type) VALUES (15, 6, 76, 'End-Sem');
INSERT INTO marks (student_id, subject_id, score, exam_type) VALUES (15, 7, 74, 'Mid-Sem');
INSERT INTO marks (student_id, subject_id, score, exam_type) VALUES (15, 7, 79, 'End-Sem');
INSERT INTO marks (student_id, subject_id, score, exam_type) VALUES (16, 8, 53, 'Mid-Sem');
INSERT INTO marks (student_id, subject_id, score, exam_type) VALUES (16, 8, 51, 'End-Sem');
INSERT INTO marks (student_id, subject_id, score, exam_type) VALUES (16, 9, 56, 'Mid-Sem');
INSERT INTO marks (student_id, subject_id, score, exam_type) VALUES (16, 9, 61, 'End-Sem');
INSERT INTO marks (student_id, subject_id, score, exam_type) VALUES (16, 10, 50, 'Mid-Sem');
INSERT INTO marks (student_id, subject_id, score, exam_type) VALUES (16, 10, 50, 'End-Sem');
INSERT INTO marks (student_id, subject_id, score, exam_type) VALUES (16, 11, 59, 'Mid-Sem');
INSERT INTO marks (student_id, subject_id, score, exam_type) VALUES (16, 11, 64, 'End-Sem');
INSERT INTO marks (student_id, subject_id, score, exam_type) VALUES (16, 12, 52, 'Mid-Sem');
INSERT INTO marks (student_id, subject_id, score, exam_type) VALUES (16, 12, 52, 'End-Sem');
INSERT INTO marks (student_id, subject_id, score, exam_type) VALUES (16, 13, 54, 'Mid-Sem');
INSERT INTO marks (student_id, subject_id, score, exam_type) VALUES (16, 13, 62, 'End-Sem');
INSERT INTO marks (student_id, subject_id, score, exam_type) VALUES (16, 14, 47, 'Mid-Sem');
INSERT INTO marks (student_id, subject_id, score, exam_type) VALUES (16, 14, 61, 'End-Sem');
INSERT INTO marks (student_id, subject_id, score, exam_type) VALUES (17, 8, 69, 'Mid-Sem');
INSERT INTO marks (student_id, subject_id, score, exam_type) VALUES (17, 8, 66, 'End-Sem');
INSERT INTO marks (student_id, subject_id, score, exam_type) VALUES (17, 9, 71, 'Mid-Sem');
INSERT INTO marks (student_id, subject_id, score, exam_type) VALUES (17, 9, 69, 'End-Sem');
INSERT INTO marks (student_id, subject_id, score, exam_type) VALUES (17, 10, 67, 'Mid-Sem');
INSERT INTO marks (student_id, subject_id, score, exam_type) VALUES (17, 10, 66, 'End-Sem');
INSERT INTO marks (student_id, subject_id, score, exam_type) VALUES (17, 11, 62, 'Mid-Sem');
INSERT INTO marks (student_id, subject_id, score, exam_type) VALUES (17, 11, 68, 'End-Sem');
INSERT INTO marks (student_id, subject_id, score, exam_type) VALUES (17, 12, 71, 'Mid-Sem');
INSERT INTO marks (student_id, subject_id, score, exam_type) VALUES (17, 12, 75, 'End-Sem');
INSERT INTO marks (student_id, subject_id, score, exam_type) VALUES (17, 13, 76, 'Mid-Sem');
INSERT INTO marks (student_id, subject_id, score, exam_type) VALUES (17, 13, 82, 'End-Sem');
INSERT INTO marks (student_id, subject_id, score, exam_type) VALUES (17, 14, 62, 'Mid-Sem');
INSERT INTO marks (student_id, subject_id, score, exam_type) VALUES (17, 14, 67, 'End-Sem');
INSERT INTO marks (student_id, subject_id, score, exam_type) VALUES (18, 8, 30, 'Mid-Sem');
INSERT INTO marks (student_id, subject_id, score, exam_type) VALUES (18, 8, 32, 'End-Sem');
INSERT INTO marks (student_id, subject_id, score, exam_type) VALUES (18, 9, 26, 'Mid-Sem');
INSERT INTO marks (student_id, subject_id, score, exam_type) VALUES (18, 9, 36, 'End-Sem');
INSERT INTO marks (student_id, subject_id, score, exam_type) VALUES (18, 10, 31, 'Mid-Sem');
INSERT INTO marks (student_id, subject_id, score, exam_type) VALUES (18, 10, 42, 'End-Sem');
INSERT INTO marks (student_id, subject_id, score, exam_type) VALUES (18, 11, 26, 'Mid-Sem');
INSERT INTO marks (student_id, subject_id, score, exam_type) VALUES (18, 11, 37, 'End-Sem');
INSERT INTO marks (student_id, subject_id, score, exam_type) VALUES (18, 12, 39, 'Mid-Sem');
INSERT INTO marks (student_id, subject_id, score, exam_type) VALUES (18, 12, 39, 'End-Sem');
INSERT INTO marks (student_id, subject_id, score, exam_type) VALUES (18, 13, 41, 'Mid-Sem');
INSERT INTO marks (student_id, subject_id, score, exam_type) VALUES (18, 13, 46, 'End-Sem');
INSERT INTO marks (student_id, subject_id, score, exam_type) VALUES (18, 14, 38, 'Mid-Sem');
INSERT INTO marks (student_id, subject_id, score, exam_type) VALUES (18, 14, 41, 'End-Sem');
INSERT INTO marks (student_id, subject_id, score, exam_type) VALUES (19, 8, 90, 'Mid-Sem');
INSERT INTO marks (student_id, subject_id, score, exam_type) VALUES (19, 8, 89, 'End-Sem');
INSERT INTO marks (student_id, subject_id, score, exam_type) VALUES (19, 9, 87, 'Mid-Sem');
INSERT INTO marks (student_id, subject_id, score, exam_type) VALUES (19, 9, 80, 'End-Sem');
INSERT INTO marks (student_id, subject_id, score, exam_type) VALUES (19, 10, 94, 'Mid-Sem');
INSERT INTO marks (student_id, subject_id, score, exam_type) VALUES (19, 10, 91, 'End-Sem');
INSERT INTO marks (student_id, subject_id, score, exam_type) VALUES (19, 11, 77, 'Mid-Sem');
INSERT INTO marks (student_id, subject_id, score, exam_type) VALUES (19, 11, 92, 'End-Sem');
INSERT INTO marks (student_id, subject_id, score, exam_type) VALUES (19, 12, 81, 'Mid-Sem');
INSERT INTO marks (student_id, subject_id, score, exam_type) VALUES (19, 12, 96, 'End-Sem');
INSERT INTO marks (student_id, subject_id, score, exam_type) VALUES (19, 13, 82, 'Mid-Sem');
INSERT INTO marks (student_id, subject_id, score, exam_type) VALUES (19, 13, 95, 'End-Sem');
INSERT INTO marks (student_id, subject_id, score, exam_type) VALUES (19, 14, 81, 'Mid-Sem');
INSERT INTO marks (student_id, subject_id, score, exam_type) VALUES (19, 14, 97, 'End-Sem');
INSERT INTO marks (student_id, subject_id, score, exam_type) VALUES (20, 8, 88, 'Mid-Sem');
INSERT INTO marks (student_id, subject_id, score, exam_type) VALUES (20, 8, 95, 'End-Sem');
INSERT INTO marks (student_id, subject_id, score, exam_type) VALUES (20, 9, 77, 'Mid-Sem');
INSERT INTO marks (student_id, subject_id, score, exam_type) VALUES (20, 9, 96, 'End-Sem');
INSERT INTO marks (student_id, subject_id, score, exam_type) VALUES (20, 10, 83, 'Mid-Sem');
INSERT INTO marks (student_id, subject_id, score, exam_type) VALUES (20, 10, 81, 'End-Sem');
INSERT INTO marks (student_id, subject_id, score, exam_type) VALUES (20, 11, 84, 'Mid-Sem');
INSERT INTO marks (student_id, subject_id, score, exam_type) VALUES (20, 11, 90, 'End-Sem');
INSERT INTO marks (student_id, subject_id, score, exam_type) VALUES (20, 12, 85, 'Mid-Sem');
INSERT INTO marks (student_id, subject_id, score, exam_type) VALUES (20, 12, 82, 'End-Sem');
INSERT INTO marks (student_id, subject_id, score, exam_type) VALUES (20, 13, 76, 'Mid-Sem');
INSERT INTO marks (student_id, subject_id, score, exam_type) VALUES (20, 13, 96, 'End-Sem');
INSERT INTO marks (student_id, subject_id, score, exam_type) VALUES (20, 14, 94, 'Mid-Sem');
INSERT INTO marks (student_id, subject_id, score, exam_type) VALUES (20, 14, 98, 'End-Sem');
INSERT INTO marks (student_id, subject_id, score, exam_type) VALUES (21, 8, 77, 'Mid-Sem');
INSERT INTO marks (student_id, subject_id, score, exam_type) VALUES (21, 8, 71, 'End-Sem');
INSERT INTO marks (student_id, subject_id, score, exam_type) VALUES (21, 9, 77, 'Mid-Sem');
INSERT INTO marks (student_id, subject_id, score, exam_type) VALUES (21, 9, 69, 'End-Sem');
INSERT INTO marks (student_id, subject_id, score, exam_type) VALUES (21, 10, 63, 'Mid-Sem');
INSERT INTO marks (student_id, subject_id, score, exam_type) VALUES (21, 10, 68, 'End-Sem');
INSERT INTO marks (student_id, subject_id, score, exam_type) VALUES (21, 11, 70, 'Mid-Sem');
INSERT INTO marks (student_id, subject_id, score, exam_type) VALUES (21, 11, 68, 'End-Sem');
INSERT INTO marks (student_id, subject_id, score, exam_type) VALUES (21, 12, 73, 'Mid-Sem');
INSERT INTO marks (student_id, subject_id, score, exam_type) VALUES (21, 12, 84, 'End-Sem');
INSERT INTO marks (student_id, subject_id, score, exam_type) VALUES (21, 13, 76, 'Mid-Sem');
INSERT INTO marks (student_id, subject_id, score, exam_type) VALUES (21, 13, 65, 'End-Sem');
INSERT INTO marks (student_id, subject_id, score, exam_type) VALUES (21, 14, 69, 'Mid-Sem');
INSERT INTO marks (student_id, subject_id, score, exam_type) VALUES (21, 14, 77, 'End-Sem');
INSERT INTO marks (student_id, subject_id, score, exam_type) VALUES (22, 8, 78, 'Mid-Sem');
INSERT INTO marks (student_id, subject_id, score, exam_type) VALUES (22, 8, 96, 'End-Sem');
INSERT INTO marks (student_id, subject_id, score, exam_type) VALUES (22, 9, 83, 'Mid-Sem');
INSERT INTO marks (student_id, subject_id, score, exam_type) VALUES (22, 9, 93, 'End-Sem');
INSERT INTO marks (student_id, subject_id, score, exam_type) VALUES (22, 10, 94, 'Mid-Sem');
INSERT INTO marks (student_id, subject_id, score, exam_type) VALUES (22, 10, 84, 'End-Sem');
INSERT INTO marks (student_id, subject_id, score, exam_type) VALUES (22, 11, 81, 'Mid-Sem');
INSERT INTO marks (student_id, subject_id, score, exam_type) VALUES (22, 11, 88, 'End-Sem');
INSERT INTO marks (student_id, subject_id, score, exam_type) VALUES (22, 12, 87, 'Mid-Sem');
INSERT INTO marks (student_id, subject_id, score, exam_type) VALUES (22, 12, 99, 'End-Sem');
INSERT INTO marks (student_id, subject_id, score, exam_type) VALUES (22, 13, 94, 'Mid-Sem');
INSERT INTO marks (student_id, subject_id, score, exam_type) VALUES (22, 13, 89, 'End-Sem');
INSERT INTO marks (student_id, subject_id, score, exam_type) VALUES (22, 14, 87, 'Mid-Sem');
INSERT INTO marks (student_id, subject_id, score, exam_type) VALUES (22, 14, 94, 'End-Sem');
INSERT INTO marks (student_id, subject_id, score, exam_type) VALUES (23, 8, 79, 'Mid-Sem');
INSERT INTO marks (student_id, subject_id, score, exam_type) VALUES (23, 8, 92, 'End-Sem');
INSERT INTO marks (student_id, subject_id, score, exam_type) VALUES (23, 9, 82, 'Mid-Sem');
INSERT INTO marks (student_id, subject_id, score, exam_type) VALUES (23, 9, 93, 'End-Sem');
INSERT INTO marks (student_id, subject_id, score, exam_type) VALUES (23, 10, 76, 'Mid-Sem');
INSERT INTO marks (student_id, subject_id, score, exam_type) VALUES (23, 10, 89, 'End-Sem');
INSERT INTO marks (student_id, subject_id, score, exam_type) VALUES (23, 11, 93, 'Mid-Sem');
INSERT INTO marks (student_id, subject_id, score, exam_type) VALUES (23, 11, 83, 'End-Sem');
INSERT INTO marks (student_id, subject_id, score, exam_type) VALUES (23, 12, 85, 'Mid-Sem');
INSERT INTO marks (student_id, subject_id, score, exam_type) VALUES (23, 12, 89, 'End-Sem');
INSERT INTO marks (student_id, subject_id, score, exam_type) VALUES (23, 13, 86, 'Mid-Sem');
INSERT INTO marks (student_id, subject_id, score, exam_type) VALUES (23, 13, 81, 'End-Sem');
INSERT INTO marks (student_id, subject_id, score, exam_type) VALUES (23, 14, 83, 'Mid-Sem');
INSERT INTO marks (student_id, subject_id, score, exam_type) VALUES (23, 14, 97, 'End-Sem');
INSERT INTO marks (student_id, subject_id, score, exam_type) VALUES (24, 8, 81, 'Mid-Sem');
INSERT INTO marks (student_id, subject_id, score, exam_type) VALUES (24, 8, 83, 'End-Sem');
INSERT INTO marks (student_id, subject_id, score, exam_type) VALUES (24, 9, 75, 'Mid-Sem');
INSERT INTO marks (student_id, subject_id, score, exam_type) VALUES (24, 9, 91, 'End-Sem');
INSERT INTO marks (student_id, subject_id, score, exam_type) VALUES (24, 10, 78, 'Mid-Sem');
INSERT INTO marks (student_id, subject_id, score, exam_type) VALUES (24, 10, 80, 'End-Sem');
INSERT INTO marks (student_id, subject_id, score, exam_type) VALUES (24, 11, 82, 'Mid-Sem');
INSERT INTO marks (student_id, subject_id, score, exam_type) VALUES (24, 11, 81, 'End-Sem');
INSERT INTO marks (student_id, subject_id, score, exam_type) VALUES (24, 12, 94, 'Mid-Sem');
INSERT INTO marks (student_id, subject_id, score, exam_type) VALUES (24, 12, 90, 'End-Sem');
INSERT INTO marks (student_id, subject_id, score, exam_type) VALUES (24, 13, 89, 'Mid-Sem');
INSERT INTO marks (student_id, subject_id, score, exam_type) VALUES (24, 13, 94, 'End-Sem');
INSERT INTO marks (student_id, subject_id, score, exam_type) VALUES (24, 14, 76, 'Mid-Sem');
INSERT INTO marks (student_id, subject_id, score, exam_type) VALUES (24, 14, 89, 'End-Sem');
INSERT INTO marks (student_id, subject_id, score, exam_type) VALUES (25, 8, 85, 'Mid-Sem');
INSERT INTO marks (student_id, subject_id, score, exam_type) VALUES (25, 8, 81, 'End-Sem');
INSERT INTO marks (student_id, subject_id, score, exam_type) VALUES (25, 9, 88, 'Mid-Sem');
INSERT INTO marks (student_id, subject_id, score, exam_type) VALUES (25, 9, 89, 'End-Sem');
INSERT INTO marks (student_id, subject_id, score, exam_type) VALUES (25, 10, 80, 'Mid-Sem');
INSERT INTO marks (student_id, subject_id, score, exam_type) VALUES (25, 10, 99, 'End-Sem');
INSERT INTO marks (student_id, subject_id, score, exam_type) VALUES (25, 11, 84, 'Mid-Sem');
INSERT INTO marks (student_id, subject_id, score, exam_type) VALUES (25, 11, 93, 'End-Sem');
INSERT INTO marks (student_id, subject_id, score, exam_type) VALUES (25, 12, 80, 'Mid-Sem');
INSERT INTO marks (student_id, subject_id, score, exam_type) VALUES (25, 12, 87, 'End-Sem');
INSERT INTO marks (student_id, subject_id, score, exam_type) VALUES (25, 13, 79, 'Mid-Sem');
INSERT INTO marks (student_id, subject_id, score, exam_type) VALUES (25, 13, 92, 'End-Sem');
INSERT INTO marks (student_id, subject_id, score, exam_type) VALUES (25, 14, 87, 'Mid-Sem');
INSERT INTO marks (student_id, subject_id, score, exam_type) VALUES (25, 14, 92, 'End-Sem');
INSERT INTO marks (student_id, subject_id, score, exam_type) VALUES (26, 8, 72, 'Mid-Sem');
INSERT INTO marks (student_id, subject_id, score, exam_type) VALUES (26, 8, 72, 'End-Sem');
INSERT INTO marks (student_id, subject_id, score, exam_type) VALUES (26, 9, 72, 'Mid-Sem');
INSERT INTO marks (student_id, subject_id, score, exam_type) VALUES (26, 9, 80, 'End-Sem');
INSERT INTO marks (student_id, subject_id, score, exam_type) VALUES (26, 10, 61, 'Mid-Sem');
INSERT INTO marks (student_id, subject_id, score, exam_type) VALUES (26, 10, 73, 'End-Sem');
INSERT INTO marks (student_id, subject_id, score, exam_type) VALUES (26, 11, 73, 'Mid-Sem');
INSERT INTO marks (student_id, subject_id, score, exam_type) VALUES (26, 11, 83, 'End-Sem');
INSERT INTO marks (student_id, subject_id, score, exam_type) VALUES (26, 12, 74, 'Mid-Sem');
INSERT INTO marks (student_id, subject_id, score, exam_type) VALUES (26, 12, 77, 'End-Sem');
INSERT INTO marks (student_id, subject_id, score, exam_type) VALUES (26, 13, 62, 'Mid-Sem');
INSERT INTO marks (student_id, subject_id, score, exam_type) VALUES (26, 13, 79, 'End-Sem');
INSERT INTO marks (student_id, subject_id, score, exam_type) VALUES (26, 14, 64, 'Mid-Sem');
INSERT INTO marks (student_id, subject_id, score, exam_type) VALUES (26, 14, 69, 'End-Sem');
INSERT INTO marks (student_id, subject_id, score, exam_type) VALUES (27, 8, 70, 'Mid-Sem');
INSERT INTO marks (student_id, subject_id, score, exam_type) VALUES (27, 8, 65, 'End-Sem');
INSERT INTO marks (student_id, subject_id, score, exam_type) VALUES (27, 9, 79, 'Mid-Sem');
INSERT INTO marks (student_id, subject_id, score, exam_type) VALUES (27, 9, 84, 'End-Sem');
INSERT INTO marks (student_id, subject_id, score, exam_type) VALUES (27, 10, 65, 'Mid-Sem');
INSERT INTO marks (student_id, subject_id, score, exam_type) VALUES (27, 10, 76, 'End-Sem');
INSERT INTO marks (student_id, subject_id, score, exam_type) VALUES (27, 11, 74, 'Mid-Sem');
INSERT INTO marks (student_id, subject_id, score, exam_type) VALUES (27, 11, 68, 'End-Sem');
INSERT INTO marks (student_id, subject_id, score, exam_type) VALUES (27, 12, 60, 'Mid-Sem');
INSERT INTO marks (student_id, subject_id, score, exam_type) VALUES (27, 12, 83, 'End-Sem');
INSERT INTO marks (student_id, subject_id, score, exam_type) VALUES (27, 13, 71, 'Mid-Sem');
INSERT INTO marks (student_id, subject_id, score, exam_type) VALUES (27, 13, 67, 'End-Sem');
INSERT INTO marks (student_id, subject_id, score, exam_type) VALUES (27, 14, 77, 'Mid-Sem');
INSERT INTO marks (student_id, subject_id, score, exam_type) VALUES (27, 14, 74, 'End-Sem');
INSERT INTO marks (student_id, subject_id, score, exam_type) VALUES (28, 8, 27, 'Mid-Sem');
INSERT INTO marks (student_id, subject_id, score, exam_type) VALUES (28, 8, 49, 'End-Sem');
INSERT INTO marks (student_id, subject_id, score, exam_type) VALUES (28, 9, 26, 'Mid-Sem');
INSERT INTO marks (student_id, subject_id, score, exam_type) VALUES (28, 9, 40, 'End-Sem');
INSERT INTO marks (student_id, subject_id, score, exam_type) VALUES (28, 10, 34, 'Mid-Sem');
INSERT INTO marks (student_id, subject_id, score, exam_type) VALUES (28, 10, 47, 'End-Sem');
INSERT INTO marks (student_id, subject_id, score, exam_type) VALUES (28, 11, 43, 'Mid-Sem');
INSERT INTO marks (student_id, subject_id, score, exam_type) VALUES (28, 11, 33, 'End-Sem');
INSERT INTO marks (student_id, subject_id, score, exam_type) VALUES (28, 12, 31, 'Mid-Sem');
INSERT INTO marks (student_id, subject_id, score, exam_type) VALUES (28, 12, 44, 'End-Sem');
INSERT INTO marks (student_id, subject_id, score, exam_type) VALUES (28, 13, 39, 'Mid-Sem');
INSERT INTO marks (student_id, subject_id, score, exam_type) VALUES (28, 13, 31, 'End-Sem');
INSERT INTO marks (student_id, subject_id, score, exam_type) VALUES (28, 14, 34, 'Mid-Sem');
INSERT INTO marks (student_id, subject_id, score, exam_type) VALUES (28, 14, 32, 'End-Sem');
INSERT INTO marks (student_id, subject_id, score, exam_type) VALUES (29, 8, 27, 'Mid-Sem');
INSERT INTO marks (student_id, subject_id, score, exam_type) VALUES (29, 8, 47, 'End-Sem');
INSERT INTO marks (student_id, subject_id, score, exam_type) VALUES (29, 9, 44, 'Mid-Sem');
INSERT INTO marks (student_id, subject_id, score, exam_type) VALUES (29, 9, 30, 'End-Sem');
INSERT INTO marks (student_id, subject_id, score, exam_type) VALUES (29, 10, 39, 'Mid-Sem');
INSERT INTO marks (student_id, subject_id, score, exam_type) VALUES (29, 10, 41, 'End-Sem');
INSERT INTO marks (student_id, subject_id, score, exam_type) VALUES (29, 11, 37, 'Mid-Sem');
INSERT INTO marks (student_id, subject_id, score, exam_type) VALUES (29, 11, 41, 'End-Sem');
INSERT INTO marks (student_id, subject_id, score, exam_type) VALUES (29, 12, 38, 'Mid-Sem');
INSERT INTO marks (student_id, subject_id, score, exam_type) VALUES (29, 12, 30, 'End-Sem');
INSERT INTO marks (student_id, subject_id, score, exam_type) VALUES (29, 13, 33, 'Mid-Sem');
INSERT INTO marks (student_id, subject_id, score, exam_type) VALUES (29, 13, 38, 'End-Sem');
INSERT INTO marks (student_id, subject_id, score, exam_type) VALUES (29, 14, 39, 'Mid-Sem');
INSERT INTO marks (student_id, subject_id, score, exam_type) VALUES (29, 14, 49, 'End-Sem');
INSERT INTO marks (student_id, subject_id, score, exam_type) VALUES (30, 8, 64, 'Mid-Sem');
INSERT INTO marks (student_id, subject_id, score, exam_type) VALUES (30, 8, 78, 'End-Sem');
INSERT INTO marks (student_id, subject_id, score, exam_type) VALUES (30, 9, 74, 'Mid-Sem');
INSERT INTO marks (student_id, subject_id, score, exam_type) VALUES (30, 9, 84, 'End-Sem');
INSERT INTO marks (student_id, subject_id, score, exam_type) VALUES (30, 10, 74, 'Mid-Sem');
INSERT INTO marks (student_id, subject_id, score, exam_type) VALUES (30, 10, 76, 'End-Sem');
INSERT INTO marks (student_id, subject_id, score, exam_type) VALUES (30, 11, 73, 'Mid-Sem');
INSERT INTO marks (student_id, subject_id, score, exam_type) VALUES (30, 11, 69, 'End-Sem');
INSERT INTO marks (student_id, subject_id, score, exam_type) VALUES (30, 12, 73, 'Mid-Sem');
INSERT INTO marks (student_id, subject_id, score, exam_type) VALUES (30, 12, 78, 'End-Sem');
INSERT INTO marks (student_id, subject_id, score, exam_type) VALUES (30, 13, 76, 'Mid-Sem');
INSERT INTO marks (student_id, subject_id, score, exam_type) VALUES (30, 13, 65, 'End-Sem');
INSERT INTO marks (student_id, subject_id, score, exam_type) VALUES (30, 14, 79, 'Mid-Sem');
INSERT INTO marks (student_id, subject_id, score, exam_type) VALUES (30, 14, 79, 'End-Sem');

-- Attendance
INSERT INTO attendance (student_id, class_id, date, status) VALUES (1, 1, '2026-04-01', 'Present');
INSERT INTO attendance (student_id, class_id, date, status) VALUES (1, 1, '2026-04-02', 'Absent');
INSERT INTO attendance (student_id, class_id, date, status) VALUES (1, 1, '2026-04-03', 'Present');
INSERT INTO attendance (student_id, class_id, date, status) VALUES (1, 1, '2026-04-04', 'Present');
INSERT INTO attendance (student_id, class_id, date, status) VALUES (1, 1, '2026-04-07', 'Present');
INSERT INTO attendance (student_id, class_id, date, status) VALUES (1, 1, '2026-04-08', 'Present');
INSERT INTO attendance (student_id, class_id, date, status) VALUES (1, 1, '2026-04-09', 'Absent');
INSERT INTO attendance (student_id, class_id, date, status) VALUES (1, 1, '2026-04-10', 'Absent');
INSERT INTO attendance (student_id, class_id, date, status) VALUES (1, 1, '2026-04-11', 'Present');
INSERT INTO attendance (student_id, class_id, date, status) VALUES (1, 1, '2026-04-14', 'Absent');
INSERT INTO attendance (student_id, class_id, date, status) VALUES (2, 1, '2026-04-01', 'Absent');
INSERT INTO attendance (student_id, class_id, date, status) VALUES (2, 1, '2026-04-02', 'Absent');
INSERT INTO attendance (student_id, class_id, date, status) VALUES (2, 1, '2026-04-03', 'Absent');
INSERT INTO attendance (student_id, class_id, date, status) VALUES (2, 1, '2026-04-04', 'Present');
INSERT INTO attendance (student_id, class_id, date, status) VALUES (2, 1, '2026-04-07', 'Present');
INSERT INTO attendance (student_id, class_id, date, status) VALUES (2, 1, '2026-04-08', 'Present');
INSERT INTO attendance (student_id, class_id, date, status) VALUES (2, 1, '2026-04-09', 'Present');
INSERT INTO attendance (student_id, class_id, date, status) VALUES (2, 1, '2026-04-10', 'Present');
INSERT INTO attendance (student_id, class_id, date, status) VALUES (2, 1, '2026-04-11', 'Present');
INSERT INTO attendance (student_id, class_id, date, status) VALUES (2, 1, '2026-04-14', 'Present');
INSERT INTO attendance (student_id, class_id, date, status) VALUES (3, 1, '2026-04-01', 'Present');
INSERT INTO attendance (student_id, class_id, date, status) VALUES (3, 1, '2026-04-02', 'Present');
INSERT INTO attendance (student_id, class_id, date, status) VALUES (3, 1, '2026-04-03', 'Present');
INSERT INTO attendance (student_id, class_id, date, status) VALUES (3, 1, '2026-04-04', 'Present');
INSERT INTO attendance (student_id, class_id, date, status) VALUES (3, 1, '2026-04-07', 'Present');
INSERT INTO attendance (student_id, class_id, date, status) VALUES (3, 1, '2026-04-08', 'Present');
INSERT INTO attendance (student_id, class_id, date, status) VALUES (3, 1, '2026-04-09', 'Present');
INSERT INTO attendance (student_id, class_id, date, status) VALUES (3, 1, '2026-04-10', 'Present');
INSERT INTO attendance (student_id, class_id, date, status) VALUES (3, 1, '2026-04-11', 'Present');
INSERT INTO attendance (student_id, class_id, date, status) VALUES (3, 1, '2026-04-14', 'Present');
INSERT INTO attendance (student_id, class_id, date, status) VALUES (4, 1, '2026-04-01', 'Present');
INSERT INTO attendance (student_id, class_id, date, status) VALUES (4, 1, '2026-04-02', 'Present');
INSERT INTO attendance (student_id, class_id, date, status) VALUES (4, 1, '2026-04-03', 'Present');
INSERT INTO attendance (student_id, class_id, date, status) VALUES (4, 1, '2026-04-04', 'Present');
INSERT INTO attendance (student_id, class_id, date, status) VALUES (4, 1, '2026-04-07', 'Present');
INSERT INTO attendance (student_id, class_id, date, status) VALUES (4, 1, '2026-04-08', 'Present');
INSERT INTO attendance (student_id, class_id, date, status) VALUES (4, 1, '2026-04-09', 'Present');
INSERT INTO attendance (student_id, class_id, date, status) VALUES (4, 1, '2026-04-10', 'Present');
INSERT INTO attendance (student_id, class_id, date, status) VALUES (4, 1, '2026-04-11', 'Present');
INSERT INTO attendance (student_id, class_id, date, status) VALUES (4, 1, '2026-04-14', 'Present');
INSERT INTO attendance (student_id, class_id, date, status) VALUES (5, 1, '2026-04-01', 'Present');
INSERT INTO attendance (student_id, class_id, date, status) VALUES (5, 1, '2026-04-02', 'Present');
INSERT INTO attendance (student_id, class_id, date, status) VALUES (5, 1, '2026-04-03', 'Present');
INSERT INTO attendance (student_id, class_id, date, status) VALUES (5, 1, '2026-04-04', 'Present');
INSERT INTO attendance (student_id, class_id, date, status) VALUES (5, 1, '2026-04-07', 'Present');
INSERT INTO attendance (student_id, class_id, date, status) VALUES (5, 1, '2026-04-08', 'Present');
INSERT INTO attendance (student_id, class_id, date, status) VALUES (5, 1, '2026-04-09', 'Present');
INSERT INTO attendance (student_id, class_id, date, status) VALUES (5, 1, '2026-04-10', 'Present');
INSERT INTO attendance (student_id, class_id, date, status) VALUES (5, 1, '2026-04-11', 'Present');
INSERT INTO attendance (student_id, class_id, date, status) VALUES (5, 1, '2026-04-14', 'Present');
INSERT INTO attendance (student_id, class_id, date, status) VALUES (6, 1, '2026-04-01', 'Present');
INSERT INTO attendance (student_id, class_id, date, status) VALUES (6, 1, '2026-04-02', 'Present');
INSERT INTO attendance (student_id, class_id, date, status) VALUES (6, 1, '2026-04-03', 'Present');
INSERT INTO attendance (student_id, class_id, date, status) VALUES (6, 1, '2026-04-04', 'Present');
INSERT INTO attendance (student_id, class_id, date, status) VALUES (6, 1, '2026-04-07', 'Absent');
INSERT INTO attendance (student_id, class_id, date, status) VALUES (6, 1, '2026-04-08', 'Present');
INSERT INTO attendance (student_id, class_id, date, status) VALUES (6, 1, '2026-04-09', 'Absent');
INSERT INTO attendance (student_id, class_id, date, status) VALUES (6, 1, '2026-04-10', 'Present');
INSERT INTO attendance (student_id, class_id, date, status) VALUES (6, 1, '2026-04-11', 'Present');
INSERT INTO attendance (student_id, class_id, date, status) VALUES (6, 1, '2026-04-14', 'Present');
INSERT INTO attendance (student_id, class_id, date, status) VALUES (7, 1, '2026-04-01', 'Present');
INSERT INTO attendance (student_id, class_id, date, status) VALUES (7, 1, '2026-04-02', 'Present');
INSERT INTO attendance (student_id, class_id, date, status) VALUES (7, 1, '2026-04-03', 'Present');
INSERT INTO attendance (student_id, class_id, date, status) VALUES (7, 1, '2026-04-04', 'Present');
INSERT INTO attendance (student_id, class_id, date, status) VALUES (7, 1, '2026-04-07', 'Present');
INSERT INTO attendance (student_id, class_id, date, status) VALUES (7, 1, '2026-04-08', 'Late');
INSERT INTO attendance (student_id, class_id, date, status) VALUES (7, 1, '2026-04-09', 'Present');
INSERT INTO attendance (student_id, class_id, date, status) VALUES (7, 1, '2026-04-10', 'Present');
INSERT INTO attendance (student_id, class_id, date, status) VALUES (7, 1, '2026-04-11', 'Present');
INSERT INTO attendance (student_id, class_id, date, status) VALUES (7, 1, '2026-04-14', 'Present');
INSERT INTO attendance (student_id, class_id, date, status) VALUES (8, 1, '2026-04-01', 'Present');
INSERT INTO attendance (student_id, class_id, date, status) VALUES (8, 1, '2026-04-02', 'Present');
INSERT INTO attendance (student_id, class_id, date, status) VALUES (8, 1, '2026-04-03', 'Absent');
INSERT INTO attendance (student_id, class_id, date, status) VALUES (8, 1, '2026-04-04', 'Absent');
INSERT INTO attendance (student_id, class_id, date, status) VALUES (8, 1, '2026-04-07', 'Late');
INSERT INTO attendance (student_id, class_id, date, status) VALUES (8, 1, '2026-04-08', 'Absent');
INSERT INTO attendance (student_id, class_id, date, status) VALUES (8, 1, '2026-04-09', 'Present');
INSERT INTO attendance (student_id, class_id, date, status) VALUES (8, 1, '2026-04-10', 'Absent');
INSERT INTO attendance (student_id, class_id, date, status) VALUES (8, 1, '2026-04-11', 'Absent');
INSERT INTO attendance (student_id, class_id, date, status) VALUES (8, 1, '2026-04-14', 'Absent');
INSERT INTO attendance (student_id, class_id, date, status) VALUES (9, 1, '2026-04-01', 'Present');
INSERT INTO attendance (student_id, class_id, date, status) VALUES (9, 1, '2026-04-02', 'Late');
INSERT INTO attendance (student_id, class_id, date, status) VALUES (9, 1, '2026-04-03', 'Present');
INSERT INTO attendance (student_id, class_id, date, status) VALUES (9, 1, '2026-04-04', 'Absent');
INSERT INTO attendance (student_id, class_id, date, status) VALUES (9, 1, '2026-04-07', 'Present');
INSERT INTO attendance (student_id, class_id, date, status) VALUES (9, 1, '2026-04-08', 'Present');
INSERT INTO attendance (student_id, class_id, date, status) VALUES (9, 1, '2026-04-09', 'Present');
INSERT INTO attendance (student_id, class_id, date, status) VALUES (9, 1, '2026-04-10', 'Present');
INSERT INTO attendance (student_id, class_id, date, status) VALUES (9, 1, '2026-04-11', 'Present');
INSERT INTO attendance (student_id, class_id, date, status) VALUES (9, 1, '2026-04-14', 'Present');
INSERT INTO attendance (student_id, class_id, date, status) VALUES (10, 1, '2026-04-01', 'Present');
INSERT INTO attendance (student_id, class_id, date, status) VALUES (10, 1, '2026-04-02', 'Present');
INSERT INTO attendance (student_id, class_id, date, status) VALUES (10, 1, '2026-04-03', 'Absent');
INSERT INTO attendance (student_id, class_id, date, status) VALUES (10, 1, '2026-04-04', 'Present');
INSERT INTO attendance (student_id, class_id, date, status) VALUES (10, 1, '2026-04-07', 'Present');
INSERT INTO attendance (student_id, class_id, date, status) VALUES (10, 1, '2026-04-08', 'Present');
INSERT INTO attendance (student_id, class_id, date, status) VALUES (10, 1, '2026-04-09', 'Present');
INSERT INTO attendance (student_id, class_id, date, status) VALUES (10, 1, '2026-04-10', 'Present');
INSERT INTO attendance (student_id, class_id, date, status) VALUES (10, 1, '2026-04-11', 'Present');
INSERT INTO attendance (student_id, class_id, date, status) VALUES (10, 1, '2026-04-14', 'Present');
INSERT INTO attendance (student_id, class_id, date, status) VALUES (11, 1, '2026-04-01', 'Present');
INSERT INTO attendance (student_id, class_id, date, status) VALUES (11, 1, '2026-04-02', 'Present');
INSERT INTO attendance (student_id, class_id, date, status) VALUES (11, 1, '2026-04-03', 'Present');
INSERT INTO attendance (student_id, class_id, date, status) VALUES (11, 1, '2026-04-04', 'Present');
INSERT INTO attendance (student_id, class_id, date, status) VALUES (11, 1, '2026-04-07', 'Absent');
INSERT INTO attendance (student_id, class_id, date, status) VALUES (11, 1, '2026-04-08', 'Present');
INSERT INTO attendance (student_id, class_id, date, status) VALUES (11, 1, '2026-04-09', 'Present');
INSERT INTO attendance (student_id, class_id, date, status) VALUES (11, 1, '2026-04-10', 'Present');
INSERT INTO attendance (student_id, class_id, date, status) VALUES (11, 1, '2026-04-11', 'Present');
INSERT INTO attendance (student_id, class_id, date, status) VALUES (11, 1, '2026-04-14', 'Present');
INSERT INTO attendance (student_id, class_id, date, status) VALUES (12, 1, '2026-04-01', 'Present');
INSERT INTO attendance (student_id, class_id, date, status) VALUES (12, 1, '2026-04-02', 'Absent');
INSERT INTO attendance (student_id, class_id, date, status) VALUES (12, 1, '2026-04-03', 'Absent');
INSERT INTO attendance (student_id, class_id, date, status) VALUES (12, 1, '2026-04-04', 'Present');
INSERT INTO attendance (student_id, class_id, date, status) VALUES (12, 1, '2026-04-07', 'Present');
INSERT INTO attendance (student_id, class_id, date, status) VALUES (12, 1, '2026-04-08', 'Absent');
INSERT INTO attendance (student_id, class_id, date, status) VALUES (12, 1, '2026-04-09', 'Present');
INSERT INTO attendance (student_id, class_id, date, status) VALUES (12, 1, '2026-04-10', 'Absent');
INSERT INTO attendance (student_id, class_id, date, status) VALUES (12, 1, '2026-04-11', 'Absent');
INSERT INTO attendance (student_id, class_id, date, status) VALUES (12, 1, '2026-04-14', 'Absent');
INSERT INTO attendance (student_id, class_id, date, status) VALUES (13, 1, '2026-04-01', 'Present');
INSERT INTO attendance (student_id, class_id, date, status) VALUES (13, 1, '2026-04-02', 'Present');
INSERT INTO attendance (student_id, class_id, date, status) VALUES (13, 1, '2026-04-03', 'Present');
INSERT INTO attendance (student_id, class_id, date, status) VALUES (13, 1, '2026-04-04', 'Present');
INSERT INTO attendance (student_id, class_id, date, status) VALUES (13, 1, '2026-04-07', 'Present');
INSERT INTO attendance (student_id, class_id, date, status) VALUES (13, 1, '2026-04-08', 'Present');
INSERT INTO attendance (student_id, class_id, date, status) VALUES (13, 1, '2026-04-09', 'Present');
INSERT INTO attendance (student_id, class_id, date, status) VALUES (13, 1, '2026-04-10', 'Present');
INSERT INTO attendance (student_id, class_id, date, status) VALUES (13, 1, '2026-04-11', 'Present');
INSERT INTO attendance (student_id, class_id, date, status) VALUES (13, 1, '2026-04-14', 'Present');
INSERT INTO attendance (student_id, class_id, date, status) VALUES (14, 1, '2026-04-01', 'Present');
INSERT INTO attendance (student_id, class_id, date, status) VALUES (14, 1, '2026-04-02', 'Late');
INSERT INTO attendance (student_id, class_id, date, status) VALUES (14, 1, '2026-04-03', 'Present');
INSERT INTO attendance (student_id, class_id, date, status) VALUES (14, 1, '2026-04-04', 'Present');
INSERT INTO attendance (student_id, class_id, date, status) VALUES (14, 1, '2026-04-07', 'Present');
INSERT INTO attendance (student_id, class_id, date, status) VALUES (14, 1, '2026-04-08', 'Present');
INSERT INTO attendance (student_id, class_id, date, status) VALUES (14, 1, '2026-04-09', 'Present');
INSERT INTO attendance (student_id, class_id, date, status) VALUES (14, 1, '2026-04-10', 'Present');
INSERT INTO attendance (student_id, class_id, date, status) VALUES (14, 1, '2026-04-11', 'Present');
INSERT INTO attendance (student_id, class_id, date, status) VALUES (14, 1, '2026-04-14', 'Present');
INSERT INTO attendance (student_id, class_id, date, status) VALUES (15, 1, '2026-04-01', 'Present');
INSERT INTO attendance (student_id, class_id, date, status) VALUES (15, 1, '2026-04-02', 'Present');
INSERT INTO attendance (student_id, class_id, date, status) VALUES (15, 1, '2026-04-03', 'Present');
INSERT INTO attendance (student_id, class_id, date, status) VALUES (15, 1, '2026-04-04', 'Absent');
INSERT INTO attendance (student_id, class_id, date, status) VALUES (15, 1, '2026-04-07', 'Present');
INSERT INTO attendance (student_id, class_id, date, status) VALUES (15, 1, '2026-04-08', 'Present');
INSERT INTO attendance (student_id, class_id, date, status) VALUES (15, 1, '2026-04-09', 'Present');
INSERT INTO attendance (student_id, class_id, date, status) VALUES (15, 1, '2026-04-10', 'Present');
INSERT INTO attendance (student_id, class_id, date, status) VALUES (15, 1, '2026-04-11', 'Late');
INSERT INTO attendance (student_id, class_id, date, status) VALUES (15, 1, '2026-04-14', 'Late');
INSERT INTO attendance (student_id, class_id, date, status) VALUES (16, 2, '2026-04-01', 'Present');
INSERT INTO attendance (student_id, class_id, date, status) VALUES (16, 2, '2026-04-02', 'Absent');
INSERT INTO attendance (student_id, class_id, date, status) VALUES (16, 2, '2026-04-03', 'Present');
INSERT INTO attendance (student_id, class_id, date, status) VALUES (16, 2, '2026-04-04', 'Absent');
INSERT INTO attendance (student_id, class_id, date, status) VALUES (16, 2, '2026-04-07', 'Present');
INSERT INTO attendance (student_id, class_id, date, status) VALUES (16, 2, '2026-04-08', 'Present');
INSERT INTO attendance (student_id, class_id, date, status) VALUES (16, 2, '2026-04-09', 'Absent');
INSERT INTO attendance (student_id, class_id, date, status) VALUES (16, 2, '2026-04-10', 'Present');
INSERT INTO attendance (student_id, class_id, date, status) VALUES (16, 2, '2026-04-11', 'Absent');
INSERT INTO attendance (student_id, class_id, date, status) VALUES (16, 2, '2026-04-14', 'Absent');
INSERT INTO attendance (student_id, class_id, date, status) VALUES (17, 2, '2026-04-01', 'Present');
INSERT INTO attendance (student_id, class_id, date, status) VALUES (17, 2, '2026-04-02', 'Present');
INSERT INTO attendance (student_id, class_id, date, status) VALUES (17, 2, '2026-04-03', 'Present');
INSERT INTO attendance (student_id, class_id, date, status) VALUES (17, 2, '2026-04-04', 'Present');
INSERT INTO attendance (student_id, class_id, date, status) VALUES (17, 2, '2026-04-07', 'Present');
INSERT INTO attendance (student_id, class_id, date, status) VALUES (17, 2, '2026-04-08', 'Present');
INSERT INTO attendance (student_id, class_id, date, status) VALUES (17, 2, '2026-04-09', 'Absent');
INSERT INTO attendance (student_id, class_id, date, status) VALUES (17, 2, '2026-04-10', 'Present');
INSERT INTO attendance (student_id, class_id, date, status) VALUES (17, 2, '2026-04-11', 'Present');
INSERT INTO attendance (student_id, class_id, date, status) VALUES (17, 2, '2026-04-14', 'Present');
INSERT INTO attendance (student_id, class_id, date, status) VALUES (18, 2, '2026-04-01', 'Present');
INSERT INTO attendance (student_id, class_id, date, status) VALUES (18, 2, '2026-04-02', 'Present');
INSERT INTO attendance (student_id, class_id, date, status) VALUES (18, 2, '2026-04-03', 'Absent');
INSERT INTO attendance (student_id, class_id, date, status) VALUES (18, 2, '2026-04-04', 'Present');
INSERT INTO attendance (student_id, class_id, date, status) VALUES (18, 2, '2026-04-07', 'Present');
INSERT INTO attendance (student_id, class_id, date, status) VALUES (18, 2, '2026-04-08', 'Present');
INSERT INTO attendance (student_id, class_id, date, status) VALUES (18, 2, '2026-04-09', 'Present');
INSERT INTO attendance (student_id, class_id, date, status) VALUES (18, 2, '2026-04-10', 'Present');
INSERT INTO attendance (student_id, class_id, date, status) VALUES (18, 2, '2026-04-11', 'Present');
INSERT INTO attendance (student_id, class_id, date, status) VALUES (18, 2, '2026-04-14', 'Present');
INSERT INTO attendance (student_id, class_id, date, status) VALUES (19, 2, '2026-04-01', 'Present');
INSERT INTO attendance (student_id, class_id, date, status) VALUES (19, 2, '2026-04-02', 'Late');
INSERT INTO attendance (student_id, class_id, date, status) VALUES (19, 2, '2026-04-03', 'Present');
INSERT INTO attendance (student_id, class_id, date, status) VALUES (19, 2, '2026-04-04', 'Present');
INSERT INTO attendance (student_id, class_id, date, status) VALUES (19, 2, '2026-04-07', 'Present');
INSERT INTO attendance (student_id, class_id, date, status) VALUES (19, 2, '2026-04-08', 'Present');
INSERT INTO attendance (student_id, class_id, date, status) VALUES (19, 2, '2026-04-09', 'Present');
INSERT INTO attendance (student_id, class_id, date, status) VALUES (19, 2, '2026-04-10', 'Present');
INSERT INTO attendance (student_id, class_id, date, status) VALUES (19, 2, '2026-04-11', 'Present');
INSERT INTO attendance (student_id, class_id, date, status) VALUES (19, 2, '2026-04-14', 'Present');
INSERT INTO attendance (student_id, class_id, date, status) VALUES (20, 2, '2026-04-01', 'Present');
INSERT INTO attendance (student_id, class_id, date, status) VALUES (20, 2, '2026-04-02', 'Late');
INSERT INTO attendance (student_id, class_id, date, status) VALUES (20, 2, '2026-04-03', 'Present');
INSERT INTO attendance (student_id, class_id, date, status) VALUES (20, 2, '2026-04-04', 'Present');
INSERT INTO attendance (student_id, class_id, date, status) VALUES (20, 2, '2026-04-07', 'Present');
INSERT INTO attendance (student_id, class_id, date, status) VALUES (20, 2, '2026-04-08', 'Present');
INSERT INTO attendance (student_id, class_id, date, status) VALUES (20, 2, '2026-04-09', 'Present');
INSERT INTO attendance (student_id, class_id, date, status) VALUES (20, 2, '2026-04-10', 'Present');
INSERT INTO attendance (student_id, class_id, date, status) VALUES (20, 2, '2026-04-11', 'Present');
INSERT INTO attendance (student_id, class_id, date, status) VALUES (20, 2, '2026-04-14', 'Late');
INSERT INTO attendance (student_id, class_id, date, status) VALUES (21, 2, '2026-04-01', 'Present');
INSERT INTO attendance (student_id, class_id, date, status) VALUES (21, 2, '2026-04-02', 'Present');
INSERT INTO attendance (student_id, class_id, date, status) VALUES (21, 2, '2026-04-03', 'Present');
INSERT INTO attendance (student_id, class_id, date, status) VALUES (21, 2, '2026-04-04', 'Late');
INSERT INTO attendance (student_id, class_id, date, status) VALUES (21, 2, '2026-04-07', 'Present');
INSERT INTO attendance (student_id, class_id, date, status) VALUES (21, 2, '2026-04-08', 'Present');
INSERT INTO attendance (student_id, class_id, date, status) VALUES (21, 2, '2026-04-09', 'Present');
INSERT INTO attendance (student_id, class_id, date, status) VALUES (21, 2, '2026-04-10', 'Present');
INSERT INTO attendance (student_id, class_id, date, status) VALUES (21, 2, '2026-04-11', 'Present');
INSERT INTO attendance (student_id, class_id, date, status) VALUES (21, 2, '2026-04-14', 'Present');
INSERT INTO attendance (student_id, class_id, date, status) VALUES (22, 2, '2026-04-01', 'Present');
INSERT INTO attendance (student_id, class_id, date, status) VALUES (22, 2, '2026-04-02', 'Present');
INSERT INTO attendance (student_id, class_id, date, status) VALUES (22, 2, '2026-04-03', 'Present');
INSERT INTO attendance (student_id, class_id, date, status) VALUES (22, 2, '2026-04-04', 'Present');
INSERT INTO attendance (student_id, class_id, date, status) VALUES (22, 2, '2026-04-07', 'Present');
INSERT INTO attendance (student_id, class_id, date, status) VALUES (22, 2, '2026-04-08', 'Present');
INSERT INTO attendance (student_id, class_id, date, status) VALUES (22, 2, '2026-04-09', 'Late');
INSERT INTO attendance (student_id, class_id, date, status) VALUES (22, 2, '2026-04-10', 'Present');
INSERT INTO attendance (student_id, class_id, date, status) VALUES (22, 2, '2026-04-11', 'Present');
INSERT INTO attendance (student_id, class_id, date, status) VALUES (22, 2, '2026-04-14', 'Present');
INSERT INTO attendance (student_id, class_id, date, status) VALUES (23, 2, '2026-04-01', 'Present');
INSERT INTO attendance (student_id, class_id, date, status) VALUES (23, 2, '2026-04-02', 'Present');
INSERT INTO attendance (student_id, class_id, date, status) VALUES (23, 2, '2026-04-03', 'Present');
INSERT INTO attendance (student_id, class_id, date, status) VALUES (23, 2, '2026-04-04', 'Present');
INSERT INTO attendance (student_id, class_id, date, status) VALUES (23, 2, '2026-04-07', 'Present');
INSERT INTO attendance (student_id, class_id, date, status) VALUES (23, 2, '2026-04-08', 'Present');
INSERT INTO attendance (student_id, class_id, date, status) VALUES (23, 2, '2026-04-09', 'Present');
INSERT INTO attendance (student_id, class_id, date, status) VALUES (23, 2, '2026-04-10', 'Present');
INSERT INTO attendance (student_id, class_id, date, status) VALUES (23, 2, '2026-04-11', 'Present');
INSERT INTO attendance (student_id, class_id, date, status) VALUES (23, 2, '2026-04-14', 'Present');
INSERT INTO attendance (student_id, class_id, date, status) VALUES (24, 2, '2026-04-01', 'Present');
INSERT INTO attendance (student_id, class_id, date, status) VALUES (24, 2, '2026-04-02', 'Present');
INSERT INTO attendance (student_id, class_id, date, status) VALUES (24, 2, '2026-04-03', 'Present');
INSERT INTO attendance (student_id, class_id, date, status) VALUES (24, 2, '2026-04-04', 'Present');
INSERT INTO attendance (student_id, class_id, date, status) VALUES (24, 2, '2026-04-07', 'Present');
INSERT INTO attendance (student_id, class_id, date, status) VALUES (24, 2, '2026-04-08', 'Present');
INSERT INTO attendance (student_id, class_id, date, status) VALUES (24, 2, '2026-04-09', 'Present');
INSERT INTO attendance (student_id, class_id, date, status) VALUES (24, 2, '2026-04-10', 'Present');
INSERT INTO attendance (student_id, class_id, date, status) VALUES (24, 2, '2026-04-11', 'Present');
INSERT INTO attendance (student_id, class_id, date, status) VALUES (24, 2, '2026-04-14', 'Present');
INSERT INTO attendance (student_id, class_id, date, status) VALUES (25, 2, '2026-04-01', 'Present');
INSERT INTO attendance (student_id, class_id, date, status) VALUES (25, 2, '2026-04-02', 'Late');
INSERT INTO attendance (student_id, class_id, date, status) VALUES (25, 2, '2026-04-03', 'Present');
INSERT INTO attendance (student_id, class_id, date, status) VALUES (25, 2, '2026-04-04', 'Present');
INSERT INTO attendance (student_id, class_id, date, status) VALUES (25, 2, '2026-04-07', 'Present');
INSERT INTO attendance (student_id, class_id, date, status) VALUES (25, 2, '2026-04-08', 'Present');
INSERT INTO attendance (student_id, class_id, date, status) VALUES (25, 2, '2026-04-09', 'Present');
INSERT INTO attendance (student_id, class_id, date, status) VALUES (25, 2, '2026-04-10', 'Present');
INSERT INTO attendance (student_id, class_id, date, status) VALUES (25, 2, '2026-04-11', 'Present');
INSERT INTO attendance (student_id, class_id, date, status) VALUES (25, 2, '2026-04-14', 'Present');
INSERT INTO attendance (student_id, class_id, date, status) VALUES (26, 2, '2026-04-01', 'Absent');
INSERT INTO attendance (student_id, class_id, date, status) VALUES (26, 2, '2026-04-02', 'Present');
INSERT INTO attendance (student_id, class_id, date, status) VALUES (26, 2, '2026-04-03', 'Late');
INSERT INTO attendance (student_id, class_id, date, status) VALUES (26, 2, '2026-04-04', 'Absent');
INSERT INTO attendance (student_id, class_id, date, status) VALUES (26, 2, '2026-04-07', 'Present');
INSERT INTO attendance (student_id, class_id, date, status) VALUES (26, 2, '2026-04-08', 'Present');
INSERT INTO attendance (student_id, class_id, date, status) VALUES (26, 2, '2026-04-09', 'Present');
INSERT INTO attendance (student_id, class_id, date, status) VALUES (26, 2, '2026-04-10', 'Present');
INSERT INTO attendance (student_id, class_id, date, status) VALUES (26, 2, '2026-04-11', 'Present');
INSERT INTO attendance (student_id, class_id, date, status) VALUES (26, 2, '2026-04-14', 'Present');
INSERT INTO attendance (student_id, class_id, date, status) VALUES (27, 2, '2026-04-01', 'Present');
INSERT INTO attendance (student_id, class_id, date, status) VALUES (27, 2, '2026-04-02', 'Present');
INSERT INTO attendance (student_id, class_id, date, status) VALUES (27, 2, '2026-04-03', 'Present');
INSERT INTO attendance (student_id, class_id, date, status) VALUES (27, 2, '2026-04-04', 'Present');
INSERT INTO attendance (student_id, class_id, date, status) VALUES (27, 2, '2026-04-07', 'Present');
INSERT INTO attendance (student_id, class_id, date, status) VALUES (27, 2, '2026-04-08', 'Absent');
INSERT INTO attendance (student_id, class_id, date, status) VALUES (27, 2, '2026-04-09', 'Present');
INSERT INTO attendance (student_id, class_id, date, status) VALUES (27, 2, '2026-04-10', 'Present');
INSERT INTO attendance (student_id, class_id, date, status) VALUES (27, 2, '2026-04-11', 'Present');
INSERT INTO attendance (student_id, class_id, date, status) VALUES (27, 2, '2026-04-14', 'Present');
INSERT INTO attendance (student_id, class_id, date, status) VALUES (28, 2, '2026-04-01', 'Absent');
INSERT INTO attendance (student_id, class_id, date, status) VALUES (28, 2, '2026-04-02', 'Present');
INSERT INTO attendance (student_id, class_id, date, status) VALUES (28, 2, '2026-04-03', 'Present');
INSERT INTO attendance (student_id, class_id, date, status) VALUES (28, 2, '2026-04-04', 'Absent');
INSERT INTO attendance (student_id, class_id, date, status) VALUES (28, 2, '2026-04-07', 'Absent');
INSERT INTO attendance (student_id, class_id, date, status) VALUES (28, 2, '2026-04-08', 'Present');
INSERT INTO attendance (student_id, class_id, date, status) VALUES (28, 2, '2026-04-09', 'Present');
INSERT INTO attendance (student_id, class_id, date, status) VALUES (28, 2, '2026-04-10', 'Late');
INSERT INTO attendance (student_id, class_id, date, status) VALUES (28, 2, '2026-04-11', 'Absent');
INSERT INTO attendance (student_id, class_id, date, status) VALUES (28, 2, '2026-04-14', 'Present');
INSERT INTO attendance (student_id, class_id, date, status) VALUES (29, 2, '2026-04-01', 'Present');
INSERT INTO attendance (student_id, class_id, date, status) VALUES (29, 2, '2026-04-02', 'Absent');
INSERT INTO attendance (student_id, class_id, date, status) VALUES (29, 2, '2026-04-03', 'Absent');
INSERT INTO attendance (student_id, class_id, date, status) VALUES (29, 2, '2026-04-04', 'Present');
INSERT INTO attendance (student_id, class_id, date, status) VALUES (29, 2, '2026-04-07', 'Absent');
INSERT INTO attendance (student_id, class_id, date, status) VALUES (29, 2, '2026-04-08', 'Present');
INSERT INTO attendance (student_id, class_id, date, status) VALUES (29, 2, '2026-04-09', 'Present');
INSERT INTO attendance (student_id, class_id, date, status) VALUES (29, 2, '2026-04-10', 'Present');
INSERT INTO attendance (student_id, class_id, date, status) VALUES (29, 2, '2026-04-11', 'Present');
INSERT INTO attendance (student_id, class_id, date, status) VALUES (29, 2, '2026-04-14', 'Absent');
INSERT INTO attendance (student_id, class_id, date, status) VALUES (30, 2, '2026-04-01', 'Late');
INSERT INTO attendance (student_id, class_id, date, status) VALUES (30, 2, '2026-04-02', 'Present');
INSERT INTO attendance (student_id, class_id, date, status) VALUES (30, 2, '2026-04-03', 'Present');
INSERT INTO attendance (student_id, class_id, date, status) VALUES (30, 2, '2026-04-04', 'Present');
INSERT INTO attendance (student_id, class_id, date, status) VALUES (30, 2, '2026-04-07', 'Present');
INSERT INTO attendance (student_id, class_id, date, status) VALUES (30, 2, '2026-04-08', 'Present');
INSERT INTO attendance (student_id, class_id, date, status) VALUES (30, 2, '2026-04-09', 'Present');
INSERT INTO attendance (student_id, class_id, date, status) VALUES (30, 2, '2026-04-10', 'Present');
INSERT INTO attendance (student_id, class_id, date, status) VALUES (30, 2, '2026-04-11', 'Present');
INSERT INTO attendance (student_id, class_id, date, status) VALUES (30, 2, '2026-04-14', 'Present');
